Index,UserId,FirstName,LastName,Sex,Email,Phone,DateOfBirth,JobTitle
10,4A42Fe10dB717CB,Harry,Mitchell,Male,lanechristina@example.net,(560)903-5068x4985,06/29/1953 00:00:00,barber
39,D060A3eacFBFAEE,Kent,Velez,Male,hammonddestiny@example.org,000-364-9407x55677,05/23/2004 00:00:00,barber
68,9de346CD67Bea2f,Priscilla,Valenzuela,Male,jsantos@example.net,939.856.5702,03/20/1943 00:00:00,barber
97,DFAbEADF85F6245,Joe,Acevedo,Male,lori87@example.net,1289379504,09/10/1974 00:00:00,barber
126,1Bb45198c473530,Tim,Ponce,Female,sblair@example.net,001-183-061-5706,09/04/1923 00:00:00,barber
155,4fdeB8D3F477aFB,Shannon,Cochran,Female,qcarter@example.net,479.731.1408x0288,02/20/1985 00:00:00,barber
184,Befc7139d7eD662,Dalton,Chaney,Female,pacevirginia@example.com,(439)390-6223x0153,10/09/1951 00:00:00,barber
213,A7aBc39Ee9dC1bd,Perry,Rollins,Male,hebertmike@example.org,001-568-534-7273x8143,04/14/1975 00:00:00,barber
242,a88B0C0F3c98028,Bridget,Griffith,Male,jeremyosborne@example.com,001-605-811-2204,02/09/1954 00:00:00,barber
271,06D45f32D614AAe,Krista,Booker,Male,karina40@example.com,605-274-3835,07/13/1909 00:00:00,barber
300,caBE9a5064ceBfB,Gary,Blackwell,Male,royjay@example.org,(786)106-0223,08/25/1939 00:00:00,barber
329,51C771FB6a3c75B,Jay,Perkins,Male,monroeclayton@example.net,715-832-8924,06/18/1960 00:00:00,barber
358,cAa967C5E66fc86,Lance,Blankenship,Male,chelsea50@example.com,(793)311-5008,11/03/1957 00:00:00,barber
387,4829908F4BE90ad,Fernando,Carpenter,Female,justincombs@example.com,001-642-984-5062x89151,10/25/1989 00:00:00,barber
416,EcFf0bEbF0B85f4,Phillip,Dalton,Male,louissolomon@example.net,(228)076-5172x949,08/07/1959 00:00:00,barber
445,Fa75A5784A3dE2C,Valerie,Koch,Male,nwallace@example.net,950.637.4269,03/15/1911 00:00:00,barber
474,4ffEeea05D7b7ab,Tracey,George,Male,dorothyhaas@example.org,345-071-0901,08/06/1931 00:00:00,barber
503,0Fa10024eA9C495,Lynn,Carney,Male,jmccoy@example.org,001-447-760-1989x182,03/08/1951 00:00:00,barber
532,e5c8a1353Ea0C5F,Amy,Roman,Female,ashley97@example.net,(639)194-6306,10/09/1988 00:00:00,barber
561,6CB75D1B2ab98E8,Lorraine,Andersen,Female,glendamueller@example.net,+1-468-257-9242x76156,12/30/1932 00:00:00,barber
590,67844458acb8E4f,Kaylee,Skinner,Female,gfrazier@example.org,8644645062,12/04/1918 00:00:00,barber
619,936CC4d80a9960F,Charlene,Abbott,Female,morganoscar@example.net,381.196.5445x1259,05/22/1929 00:00:00,barber
648,1c4a1Fb8Edf68Bd,Sheila,Pace,Female,bvalentine@example.net,+1-232-944-9856x0325,11/22/1997 00:00:00,barber
677,C4D0eeca81999E0,David,Skinner,Male,stacy04@example.net,001-582-848-2323,04/04/1970 00:00:00,barber
706,5E0A3C8fe14c45e,Patrick,Landry,Female,garciaeduardo@example.net,369-852-5458x093,02/26/1913 00:00:00,barber
735,9BF53D7DcabdAA7,Leonard,Wallace,Female,knightmiguel@example.com,+1-625-761-5927x0104,08/25/2012 00:00:00,barber
764,Bebf9fB917CFc6a,Renee,Bowen,Male,tknapp@example.org,001-699-885-6247x42962,10/26/1997 00:00:00,barber
793,e1835eA12f669Ab,Leslie,Curry,Female,mike30@example.org,(812)017-6908,11/01/1990 00:00:00,barber
822,D8A160cFf6B758C,Paula,Daniels,Male,baileybarron@example.net,9035524996,10/04/1915 00:00:00,barber
851,fB2Ae2Ca0AEFaa0,Gwendolyn,Lane,Female,dberg@example.org,115-751-4099,02/06/1984 00:00:00,barber
880,cC7cc25dDF9Bc7c,Cody,Stafford,Female,cfitzgerald@example.net,(145)206-5183x120,03/18/1907 00:00:00,barber
909,7c0f808CE9EEfE7,Sylvia,Boyer,Male,andreadouglas@example.org,989-102-1432x311,01/27/1953 00:00:00,barber
938,0efa54b5ea1D2EE,Karla,Obrien,Male,jenna05@example.net,(785)824-0559x39648,05/25/2015 00:00:00,barber
967,584e53eea9f8111,Sherry,Holloway,Male,mclark@example.net,(065)884-2220,11/18/1913 00:00:00,barber
